{"stats":{"minecraft:dropped":{"mineminenomi:character_creator":33,"minecraft:wooden_axe":1,"minecraft:wooden_pickaxe":1},"minecraft:killed":{"minecraft:sheep":12,"minecraft:cow":7},"minecraft:picked_up":{"minecraft:stick":10,"minecraft:crafting_table":1,"minecraft:lilac":1,"minecraft:leather":8,"mineminenomi:character_creator":34,"minecraft:oak_log":34,"minecraft:white_bed":1,"minecraft:dirt":8,"minecraft:apple":2,"minecraft:beef":14,"minecraft:iron_ore":5,"minecraft:oak_sapling":19,"minecraft:mutton":17,"minecraft:white_wool":12,"minecraft:cobblestone":33,"minecraft:sunflower":2},"minecraft:killed_by":{"mineminenomi:marine_sniper":1},"minecraft:used":{"minecraft:wooden_axe":10,"minecraft:stone_pickaxe":35,"minecraft:chest":1,"minecraft:wooden_pickaxe":3,"minecraft:stone_axe":36,"minecraft:dirt":2,"minecraft:crafting_table":2,"minecraft:furnace":3,"tombstone:gift":2,"minecraft:white_bed":3},"minecraft:mined":{"minecraft:white_bed":1,"minecraft:iron_ore":5,"minecraft:lilac":1,"minecraft:birch_leaves":12,"treechop:chopped_log":20,"minecraft:grass":1,"minecraft:grass_block":1,"minecraft:oak_log":34,"minecraft:sunflower":2,"minecraft:dirt":7,"minecraft:stone":33,"minecraft:oak_leaves":411},"minecraft:crafted":{"paraglider:paraglider":1,"minecraft:oak_planks":64,"minecraft:charcoal":6,"minecraft:crafting_table":2,"minecraft:stick":4,"minecraft:wooden_pickaxe":1,"minecraft:stone_pickaxe":1,"minecraft:wooden_axe":1,"minecraft:furnace":3,"minecraft:white_bed":3,"minecraft:stone_axe":1,"minecraft:air":0},"minecraft:custom":{"minecraft:time_since_rest":3829,"minecraft:interact_with_furnace":8,"minecraft:sprint_one_cm":35276,"minecraft:damage_taken":280,"minecraft:walk_one_cm":37630,"minecraft:mob_kills":19,"minecraft:drop":35,"minecraft:damage_dealt":1785,"minecraft:interact_with_crafting_table":9,"minecraft:fly_one_cm":43001,"minecraft:open_chest":2,"minecraft:play_one_minute":32994,"minecraft:crouch_one_cm":608,"minecraft:deaths":1,"minecraft:sneak_time":101,"minecraft:jump":208,"minecraft:leave_game":2,"minecraft:time_since_death":27554,"minecraft:sleep_in_bed":1,"minecraft:fall_one_cm":2634}},"DataVersion":2586}