{"stats":{"minecraft:picked_up":{"minecraft:stick":2,"minecraft:oak_log":5},"minecraft:used":{"minecraft:crafting_table":1},"minecraft:killed_by":{"mineminenomi:marine_sniper":1},"minecraft:mined":{"minecraft:oak_log":5,"minecraft:birch_leaves":4,"treechop:chopped_log":3,"minecraft:oak_leaves":54},"minecraft:crafted":{"minecraft:crafting_table":1,"minecraft:oak_planks":20},"minecraft:custom":{"minecraft:jump":16,"minecraft:time_since_rest":8205,"minecraft:deaths":1,"minecraft:damage_taken":270,"minecraft:play_one_minute":16044,"minecraft:leave_game":2,"minecraft:time_since_death":10604,"minecraft:walk_one_cm":6710,"minecraft:interact_with_crafting_table":1,"minecraft:fly_one_cm":77}},"DataVersion":2586}