{"stats":{"minecraft:dropped":{"mineminenomi:character_creator":10,"minecraft:wooden_axe":1},"minecraft:picked_up":{"minecraft:stick":5,"minecraft:oak_log":16,"minecraft:oak_sapling":3},"minecraft:killed_by":{"mineminenomi:marine_sniper":1},"minecraft:used":{"minecraft:wooden_axe":10,"minecraft:crafting_table":1,"minecraft:chest":1},"minecraft:mined":{"minecraft:grass":1,"minecraft:oak_log":16,"minecraft:birch_leaves":12,"treechop:chopped_log":10,"minecraft:oak_leaves":151},"minecraft:crafted":{"minecraft:oak_planks":64,"minecraft:crafting_table":1,"minecraft:wooden_pickaxe":1,"minecraft:wooden_axe":1},"minecraft:custom":{"minecraft:open_chest":1,"minecraft:time_since_rest":13155,"minecraft:crouch_one_cm":331,"minecraft:play_one_minute":20994,"minecraft:deaths":1,"minecraft:sprint_one_cm":4008,"minecraft:damage_taken":270,"minecraft:walk_one_cm":16484,"minecraft:sneak_time":62,"minecraft:drop":11,"minecraft:jump":38,"minecraft:leave_game":2,"minecraft:time_since_death":15554,"minecraft:interact_with_crafting_table":3,"minecraft:fall_one_cm":335,"minecraft:fly_one_cm":3185}},"DataVersion":2586}