{"stats":{"minecraft:dropped":{"minecraft:lilac":1},"minecraft:picked_up":{"minecraft:lilac":1},"minecraft:mined":{"minecraft:fire":19,"minecraft:lilac":2,"minecraft:oak_leaves":1},"minecraft:custom":{"minecraft:jump":45,"minecraft:time_since_rest":1314,"minecraft:crouch_one_cm":140,"minecraft:play_one_minute":1314,"minecraft:leave_game":1,"minecraft:sprint_one_cm":4585,"minecraft:time_since_death":1314,"minecraft:walk_one_cm":2509,"minecraft:sneak_time":35,"minecraft:drop":1,"minecraft:fall_one_cm":1103,"minecraft:fly_one_cm":6257}},"DataVersion":2586}