{"stats":{"minecraft:dropped":{"mineminenomi:character_creator":1,"minecraft:lilac":1},"minecraft:picked_up":{"minecraft:stick":2,"minecraft:lilac":1,"minecraft:oak_log":5,"minecraft:white_bed":1,"minecraft:oak_sapling":3},"minecraft:used":{"minecraft:oak_sapling":1},"minecraft:mined":{"minecraft:oak_log":5,"minecraft:white_bed":1,"minecraft:fire":19,"minecraft:lilac":2,"treechop:chopped_log":3,"minecraft:oak_leaves":45},"minecraft:crafted":{"minecraft:oak_planks":20,"minecraft:crafting_table":1},"minecraft:custom":{"minecraft:time_since_rest":3829,"minecraft:play_one_minute":8413,"minecraft:crouch_one_cm":140,"minecraft:sprint_one_cm":11974,"minecraft:walk_one_cm":7936,"minecraft:sneak_time":35,"minecraft:drop":2,"minecraft:jump":70,"minecraft:damage_dealt":10,"minecraft:leave_game":1,"minecraft:time_since_death":8413,"minecraft:sleep_in_bed":1,"minecraft:fall_one_cm":1925,"minecraft:fly_one_cm":11430}},"DataVersion":2586}