{"stats":{"minecraft:dropped":{"mineminenomi:character_creator":24,"minecraft:birch_sapling":1,"minecraft:oak_sapling":5,"minecraft:wooden_pickaxe":1,"patchouli:guide_book":2,"minecraft:stick":2},"minecraft:killed":{"minecraft:cow":8},"minecraft:picked_up":{"minecraft:stick":4,"minecraft:crafting_table":1,"patchouli:guide_book":2,"minecraft:leather":10,"mineminenomi:character_creator":38,"minecraft:oak_log":5,"minecraft:dirt":12,"minecraft:beef":14,"minecraft:oak_sapling":5,"minecraft:sugar_cane":11,"minecraft:birch_sapling":1,"minecraft:coal":1,"minecraft:cobblestone":46},"minecraft:used":{"minecraft:stone_shovel":8,"minecraft:stone_pickaxe":2,"minecraft:wooden_pickaxe":47,"minecraft:stone_axe":12,"minecraft:dirt":6,"minecraft:crafting_table":1},"minecraft:mined":{"minecraft:andesite":1,"minecraft:birch_leaves":6,"treechop:chopped_log":3,"minecraft:crafting_table":2,"minecraft:grass_block":5,"minecraft:coal_ore":1,"minecraft:oak_log":5,"minecraft:dirt":8,"minecraft:stone":47,"minecraft:sugar_cane":4,"minecraft:oak_leaves":49},"minecraft:crafted":{"minecraft:oak_planks":20,"minecraft:stone_shovel":1,"minecraft:crafting_table":1,"minecraft:stick":8,"minecraft:wooden_pickaxe":1,"minecraft:stone_pickaxe":1,"minecraft:stone_sword":1,"minecraft:stone_axe":1},"minecraft:custom":{"minecraft:time_since_rest":3829,"minecraft:sprint_one_cm":28118,"minecraft:walk_one_cm":18920,"minecraft:mob_kills":8,"minecraft:drop":32,"minecraft:damage_dealt":800,"minecraft:interact_with_crafting_table":2,"minecraft:fly_one_cm":33885,"minecraft:crouch_one_cm":4375,"minecraft:play_one_minute":16168,"minecraft:sneak_time":1282,"minecraft:jump":151,"minecraft:walk_on_water_one_cm":391,"minecraft:time_since_death":16168,"minecraft:sleep_in_bed":1,"minecraft:climb_one_cm":394,"minecraft:fall_one_cm":4266}},"DataVersion":2586}